Variant,Substrate,pH,Activity_Mean,Activity_Std,Activities
3FCR-3M,1a,6.5,0.46807703086224756,0.0020087839442797764,"[0.4652826989411249, 0.46991759420455625, 0.46903079944106163]"
3FCR-3M,1a,7.0,0.515611837407805,0.024049222859943466,"[0.5298894567105472, 0.4817399046591354, 0.5352061508537324]"
3FCR-3M,1a,7.5,0.5038611787435797,0.03241176141041967,"[0.47162226984060673, 0.4917623238702977, 0.5481989425198346]"
3FCR-3M,1a,8.0,0.5307480790887021,0.017542400357538002,"[0.5274639771594564, 0.5536860151334283, 0.5110942449732216]"
3FCR-3M,1a,8.5,6.325647826629165,0.29286673937213853,"[6.116731987001381, 6.1203929447861585, 6.739818548099956]"
3FCR-3M,1a,9.0,9.95102608270854,0.2790343354829405,"[10.160252387671258, 9.556656988870762, 10.136168871583601]"
3FCR-3M,1f,6.5,0.4012749762349874,0.010140568427775592,"[0.38707252396865993, 0.40665444330410794, 0.41009796143219446]"
3FCR-3M,1f,7.0,0.39115520286074873,0.006042299097921542,"[0.38630286234234096, 0.39967277371449395, 0.3874899725254112]"
3FCR-3M,1f,7.5,0.40500309655939876,0.01948552239288291,"[0.41735577955022385, 0.4201595184007283, 0.3774939917272441]"
3FCR-3M,1f,8.0,0.4000311380746347,0.0024398109591790723,"[0.40342894293370113, 0.3978124204091051, 0.398852050881098]"
3FCR-3M,1f,8.5,4.938462860635845,0.13941812372354234,"[4.810660804323523, 5.132387331430809, 4.872340446153204]"
3FCR-3M,1f,9.0,7.918526609869066,0.19257422915685152,"[8.176095451636678, 7.713119937544172, 7.866364440426347]"
3FCR-3M-F168Y,1a,6.5,0.7906309337236127,0.05575898507947613,"[0.7706690809402802, 0.7345456815461177, 0.8666780386844399]"
3FCR-3M-F168Y,1a,7.0,0.7739070834170786,0.029706932705326688,"[0.8152086592101669, 0.7599187015344347, 0.7465938895066344]"
3FCR-3M-F168Y,1a,7.5,0.7669700125940747,0.020394295158356432,"[0.7446991447066434, 0.7622341754744922, 0.7939767176010882]"
3FCR-3M-F168Y,1a,8.0,0.8325582818536462,0.03144376649835035,"[0.8710629459923321, 0.8325701343525483, 0.7940417652160581]"
3FCR-3M-F168Y,1a,8.5,10.181547287382937,0.7206990054081659,"[9.466285654355865, 9.910360815780074, 11.167995392012873]"
3FCR-3M-F168Y,1a,9.0,15.927240169269865,0.8791686427202029,"[17.144835844336836, 15.100493180424928, 15.536391483047831]"
3FCR-3M-F168Y,1f,6.5,0.6380354750018489,0.042609809567839635,"[0.6302276032333273, 0.69368563452558, 0.5901931872466393]"
3FCR-3M-F168Y,1f,7.0,0.5989757643862922,0.04348943341209357,"[0.6274635126511191, 0.5375266746854982, 0.631937105822259]"
3FCR-3M-F168Y,1f,7.5,0.6554727203212525,0.017419911096670432,"[0.6399281619488515, 0.6797965850109362, 0.6466934140039697]"
3FCR-3M-F168Y,1f,8.0,0.6104913727767748,0.016087620642685867,"[0.6107999261028881, 0.6300385149217169, 0.5906356773057194]"
3FCR-3M-F168Y,1f,8.5,8.1973487481494,0.38383134291509036,"[8.711096464426392, 7.788694744006447, 8.092255036015363]"
3FCR-3M-F168Y,1f,9.0,12.804427379327763,0.5363817496011204,"[12.191753682153767, 13.498102939575626, 12.723425516253897]"
3FCR-3M-L58M,1a,6.5,0.6138313845079731,0.044343375315118234,"[0.6705528414759747, 0.6086333337853302, 0.5623079782626142]"
3FCR-3M-L58M,1a,7.0,0.6190371848231417,0.008968304994600655,"[0.6152952060427475, 0.6104132260086274, 0.6314031224180504]"
3FCR-3M-L58M,1a,7.5,3.5955593987915244,0.11099946893055267,"[3.445097370206686, 3.709548723417322, 3.632032102750567]"
3FCR-3M-L58M,1a,8.0,9.9009944834515,0.035332472778492205,"[9.880511138641303, 9.950706396393038, 9.871765915320163]"
3FCR-3M-L58M,1a,8.5,12.491576759429412,0.4863222362759777,"[12.294812646722528, 12.019233935295148, 13.16068369627056]"
3FCR-3M-L58M,1a,9.0,9.940035936997756,0.665809135037842,"[9.085073795750512, 10.709178403194839, 10.025855612047916]"
3FCR-3M-L58M,1f,6.5,0.48069686164359543,0.023238200220035553,"[0.45308352511769323, 0.5099355958288444, 0.47907146398424866]"
3FCR-3M-L58M,1f,7.0,0.4891166132489135,0.026465297745732294,"[0.5018241882466257, 0.45227502277225107, 0.5132506287278636]"
3FCR-3M-L58M,1f,7.5,2.8269957871686855,0.1507981835140909,"[2.8501213720149665, 2.631832766747695, 2.9990332227433933]"
3FCR-3M-L58M,1f,8.0,7.8501366679202045,0.6498318910244271,"[8.642660630314305, 7.050945962676407, 7.856803410769904]"
3FCR-3M-L58M,1f,8.5,9.890151732971141,0.3483080221428545,"[10.104133736731654, 9.398925784757814, 10.167395677423956]"
3FCR-3M-L58M,1f,9.0,7.633606636550276,0.49378173174272594,"[7.4642064442760105, 8.304999394178372, 7.131614071196447]"
3FCR-3M-F168Y-W59C,1a,6.5,0.8957603899121346,0.0025100161396421866,"[0.8922212018214563, 0.8972935896343673, 0.8977663782805801]"
3FCR-3M-F168Y-W59C,1a,7.0,7.394240833256494,0.07620361513875476,"[7.500498420471778, 7.356683818921404, 7.325540260376302]"
3FCR-3M-F168Y-W59C,1a,7.5,13.82642426638253,0.4050363215314851,"[14.2712517368115, 13.916545367311885, 13.291475695024204]"
3FCR-3M-F168Y-W59C,1a,8.0,16.35756989769121,0.6021175287846502,"[16.16617651831994, 15.734695290667723, 17.171837884085974]"
3FCR-3M-F168Y-W59C,1a,8.5,13.870766007714167,0.3137772446077218,"[14.223911925783543, 13.46149107347595, 13.92689502388301]"
3FCR-3M-F168Y-W59C,1a,9.0,7.002781486825552,0.40661360200989516,"[6.983144313702369, 6.514892611033012, 7.510307535741276]"
3FCR-3M-F168Y-W59C,1f,6.5,0.7342153316926149,0.018473275524929365,"[0.7562846106121952, 0.7110727172201623, 0.7352886672454868]"
3FCR-3M-F168Y-W59C,1f,7.0,5.812986852514277,0.5513002251564395,"[6.455285673096365, 5.874573743343804, 5.109101141102664]"
3FCR-3M-F168Y-W59C,1f,7.5,11.056222237210742,1.098218571646227,"[12.601263839599635, 10.146731067583223, 10.420671804449372]"
3FCR-3M-F168Y-W59C,1f,8.0,12.869487502951733,0.5799030815768665,"[12.387075794441772, 13.685054379258954, 12.536332335154473]"
3FCR-3M-F168Y-W59C,1f,8.5,10.743853535610988,0.4097102425661141,"[10.776295044335267, 10.22662940233894, 11.228636160158757]"
3FCR-3M-F168Y-W59C,1f,9.0,5.67800362079993,0.24282344511241133,"[6.021395582577165, 5.508819349384248, 5.5037959304383754]"
